{"cameraMode":{"drawMode":0,"name":"Shaded","section":"Shading Mode"},"sceneLighting":true,"audioPlay":false,"sceneViewState":{"m_AlwaysRefresh":false,"showFog":true,"showSkybox":true,"showFlares":true,"showImageEffects":true,"showParticleSystems":true,"showVisualEffectGraphs":true,"m_FxEnabled":true},"in2DMode":false,"pivot":{"x":-0.08165979385375977,"y":-0.04319322109222412,"z":0.11621570587158203},"rotation":{"x":-0.09359817951917649,"y":0.8908853530883789,"z":-0.2140619158744812,"w":-0.3895379900932312},"size":2.914163112640381,"orthographic":false}